RASA_bool,RASA_score,amino_acid
1,0.7239263803680982,D
0,0.011834319526627219,I
1,0.7170731707317073,K
1,0.07446808510638298,M
1,0.5070422535211268,T
1,0.10101010101010101,Q
1,0.2846153846153846,S
1,0.40441176470588236,P
1,0.7692307692307693,S
1,0.46153846153846156,S
1,0.2074468085106383,M
1,0.545045045045045,Y
0,0.018867924528301886,A
1,0.2923076923076923,S
1,0.49390243902439024,L
1,0.5476190476190477,G
1,0.4845360824742268,E
1,0.6532258064516129,R
1,0.07042253521126761,V
1,0.4507042253521127,T
0,0.005917159763313609,I
1,0.24647887323943662,T
0,0.0,C
1,0.4146341463414634,K
0,0.02830188679245283,A
1,0.4076923076923077,S
1,0.3383838383838384,Q
1,0.5950920245398773,D
0,0.005917159763313609,I
1,0.29435483870967744,R
1,0.2780487804878049,K
0,0.009009009009009009,Y
0,0.0,L
0,0.0,N
0,0.0,W
0,0.0,Y
1,0.08585858585858586,Q
1,0.09090909090909091,Q
1,0.14634146341463414,K
1,0.375,P
1,0.8722466960352423,W
1,0.47317073170731705,K
1,0.24615384615384617,S
0,0.029411764705882353,P
1,0.3902439024390244,K
0,0.056338028169014086,T
0,0.0,L
0,0.0,I
1,0.23873873873873874,Y
1,0.11711711711711711,Y
0,0.009433962264150943,A
1,0.5,T
1,0.2846153846153846,S
1,0.4329268292682927,L
1,0.1509433962264151,A
1,0.5828220858895705,D
1,0.9404761904761905,G
1,0.09859154929577464,V
1,0.3382352941176471,P
1,0.8692307692307693,S
1,0.14919354838709678,R
0,0.02030456852791878,F
1,0.36153846153846153,S
1,0.08333333333333333,G
1,0.6153846153846154,S
1,0.2857142857142857,G
1,0.6538461538461539,S
1,0.13095238095238096,G
1,0.4595959595959596,Q
1,0.6503067484662577,D
0,0.02252252252252252,Y
1,0.2,S
0,0.006097560975609756,L
1,0.1619718309859155,T
0,0.005917159763313609,I
1,0.4,S
1,0.4230769230769231,S
0,0.006097560975609756,L
1,0.4536082474226804,E
1,0.23076923076923078,S
1,0.5276073619631901,D
0,0.012269938650306749,D
1,0.07042253521126761,T
0,0.04716981132075472,A
1,0.1619718309859155,T
0,0.0,Y
0,0.05855855855855856,Y
0,0.0,C
0,0.0,L
0,0.0,Q
0,0.0,H
0,0.0,G
1,0.16494845360824742,E
0,0.03076923076923077,S
0,0.04411764705882353,P
0,0.03153153153153153,Y
1,0.21830985915492956,T
1,0.08629441624365482,F
1,0.07142857142857142,G
1,0.8214285714285714,G
1,0.10714285714285714,G
0,0.007042253521126761,T
1,0.4926829268292683,K
0,0.006097560975609756,L
1,0.09278350515463918,E
0,0.0,I
1,0.4840764331210191,N
1,0.24193548387096775,R
1,0.7075471698113207,A
1,0.6196319018404908,D
1,0.16981132075471697,A
1,0.49056603773584906,A
0,0.051470588235294115,P
1,0.323943661971831,T
0,0.028169014084507043,V
0,0.03076923076923077,S
1,0.14792899408284024,I
0,0.02030456852791878,F
1,0.22794117647058823,P
0,0.058823529411764705,P
1,0.14615384615384616,S
1,0.7307692307692307,S
1,0.5,E
0,0.015151515151515152,Q
1,0.12195121951219512,L
1,0.8732394366197183,T
1,0.6538461538461539,S
1,0.38095238095238093,G
1,0.21428571428571427,G
0,0.02830188679245283,A
0,0.007692307692307693,S
0,0.02112676056338028,V
0,0.0,V
0,0.007407407407407408,C
0,0.0,F
0,0.0,L
0,0.05732484076433121,N
1,0.3885350318471338,N
0,0.0,F
0,0.018018018018018018,Y
0,0.051470588235294115,P
1,0.4195121951219512,K
1,0.2822085889570552,D
1,0.08875739644970414,I
1,0.29936305732484075,N
1,0.13380281690140844,V
1,0.2926829268292683,K
0,0.01762114537444934,W
1,0.25853658536585367,K
0,0.023668639053254437,I
1,0.38650306748466257,D
1,0.5119047619047619,G
1,0.6615384615384615,S
1,0.7319587628865979,E
1,0.3911290322580645,R
1,0.24242424242424243,Q
1,0.821656050955414,N
1,0.4642857142857143,G
1,0.31690140845070425,V
1,0.1951219512195122,L
1,0.37579617834394907,N
1,0.11538461538461539,S
1,0.33480176211453744,W
1,0.11971830985915492,T
1,0.38650306748466257,D
0,0.04040404040404041,Q
1,0.3312883435582822,D
1,0.3384615384615385,S
1,0.8829268292682927,K
1,0.27607361963190186,D
0,0.015384615384615385,S
0,0.028169014084507043,T
0,0.03153153153153153,Y
0,0.0,S
0,0.005319148936170213,M
0,0.038461538461538464,S
0,0.0,S
0,0.04225352112676056,T
0,0.0,L
1,0.2676056338028169,T
1,0.08536585365853659,L
1,0.49295774647887325,T
1,0.3902439024390244,K
1,0.6625766871165644,D
1,0.28350515463917525,E
0,0.009009009009009009,Y
1,0.3865979381443299,E
1,0.6209677419354839,R
1,0.20108695652173914,H
1,0.25477707006369427,N
1,0.24615384615384617,S
0,0.0,Y
1,0.1267605633802817,T
0,0.007407407407407408,C
1,0.17010309278350516,E
0,0.009433962264150943,A
0,0.035211267605633804,T
0,0.03804347826086957,H
1,0.2097560975609756,K
1,0.3732394366197183,T
1,0.3,S
1,0.176056338028169,T
1,0.49230769230769234,S
1,0.39705882352941174,P
1,0.2485207100591716,I
1,0.4647887323943662,V
1,0.2048780487804878,K
1,0.4846153846153846,S
1,0.15736040609137056,F
1,0.47770700636942676,N
1,0.2056451612903226,R
1,0.5987261146496815,N
1,0.7319587628865979,E
1,1.0,C
1,0.9381443298969072,E
1,0.15384615384615385,I
1,0.5151515151515151,Q
0,0.04878048780487805,L
1,0.3383838383838384,Q
1,0.06060606060606061,Q
1,0.4076923076923077,S
1,0.2619047619047619,G
1,0.08490566037735849,A
1,0.33505154639175255,E
1,0.17682926829268292,L
1,0.11267605633802817,V
1,0.3911290322580645,R
1,0.5661764705882353,P
1,0.6190476190476191,G
1,0.4056603773584906,A
1,0.573170731707317,L
1,0.09154929577464789,V
1,0.5414634146341464,K
0,0.0,L
1,0.2846153846153846,S
0,0.0,C
1,0.5073170731707317,K
0,0.02830188679245283,A
1,0.17692307692307693,S
1,0.5,G
1,0.116751269035533,F
1,0.4140127388535032,N
0,0.0,I
1,0.3170731707317073,K
1,0.15337423312883436,D
0,0.03153153153153153,Y
0,0.036036036036036036,Y
0,0.005319148936170213,M
0,0.0,H
0,0.0,W
0,0.0,V
0,0.024390243902439025,K
1,0.13131313131313133,Q
1,0.18951612903225806,R
1,0.6397058823529411,P
1,0.9020618556701031,E
1,0.4797979797979798,Q
1,0.2857142857142857,G
1,0.06707317073170732,L
1,0.211340206185567,E
0,0.022026431718061675,W
0,0.0,I
0,0.0,G
0,0.018292682926829267,L
0,0.047337278106508875,I
0,0.0,D
1,0.08823529411764706,P
1,0.26804123711340205,E
1,0.4394904458598726,N
1,0.75,G
1,0.1910828025477707,N
1,0.2746478873239437,T
0,0.011834319526627219,I
1,0.17117117117117117,Y
1,0.17177914110429449,D
1,0.5588235294117647,P
1,0.6878048780487804,K
0,0.050761421319796954,F
1,0.5404040404040404,Q
1,0.8571428571428571,G
1,0.22926829268292684,K
0,0.05660377358490566,A
1,0.25384615384615383,S
0,0.029585798816568046,I
1,0.3873239436619718,T
1,0.330188679245283,A
1,0.3987730061349693,D
1,0.4788732394366197,T
1,0.8846153846153846,S
1,0.35384615384615387,S
1,0.16560509554140126,N
0,0.056338028169014086,T
0,0.0,A
1,0.21171171171171171,Y
0,0.0,L
1,0.25252525252525254,Q
0,0.006097560975609756,L
1,0.14615384615384616,S
1,0.7230769230769231,S
0,0.024390243902439025,L
1,0.45774647887323944,T
1,0.7153846153846154,S
1,0.5412371134020618,E
0,0.049079754601226995,D
1,0.2676056338028169,T
0,0.03773584905660377,A
1,0.20422535211267606,V
0,0.0045045045045045045,Y
1,0.07207207207207207,Y
0,0.0,C
0,0.0,A
0,0.036290322580645164,R
0,0.006134969325153374,D
1,0.08280254777070063,N
0,0.0,S
1,0.09009009009009009,Y
1,0.12612612612612611,Y
0,0.0,F
1,0.12269938650306748,D
1,0.36936936936936937,Y
1,0.13656387665198239,W
0,0.011904761904761904,G
1,0.4696969696969697,Q
1,0.2619047619047619,G
0,0.0,T
1,0.21830985915492956,T
0,0.0,L
1,0.07746478873239436,T
1,0.07746478873239436,V
1,0.2846153846153846,S
1,0.6923076923076923,S
1,0.22641509433962265,A
1,0.751219512195122,K
1,0.3873239436619718,T
1,0.2887323943661972,T
1,0.5,P
1,0.10294117647058823,P
1,0.36153846153846153,S
1,0.07746478873239436,V
1,0.13063063063063063,Y
1,0.13970588235294118,P
0,0.024390243902439025,L
1,0.3490566037735849,A
1,0.18382352941176472,P
1,0.7976190476190477,G
1,0.7461538461538462,S
1,0.7924528301886793,A
1,0.3584905660377358,A
1,0.7424242424242424,Q
1,0.21830985915492956,T
1,0.47770700636942676,N
1,0.7615384615384615,S
1,0.3829787234042553,M
1,0.08450704225352113,V
1,0.06338028169014084,T
0,0.0,L
0,0.0,G
0,0.0,C
0,0.0,L
0,0.0,V
1,0.17073170731707318,K
1,0.27380952380952384,G
0,0.0,Y
0,0.04060913705583756,F
0,0.0,P
1,0.16494845360824742,E
1,0.20588235294117646,P
1,0.07746478873239436,V
1,0.647887323943662,T
1,0.1267605633802817,V
1,0.34507042253521125,T
0,0.013215859030837005,W
1,0.2929936305732484,N
1,0.7384615384615385,S
1,0.5,G
1,0.7,S
1,0.21341463414634146,L
1,0.6461538461538462,S
1,0.9538461538461539,S
1,0.25,G
1,0.2535211267605634,V
1,0.14673913043478262,H
1,0.39436619718309857,T
0,0.005076142131979695,F
1,0.3088235294117647,P
1,0.16981132075471697,A
1,0.24647887323943662,V
1,0.5487804878048781,L
1,0.3484848484848485,Q
1,0.7769230769230769,S
1,0.36809815950920244,D
1,0.23780487804878048,L
1,0.18018018018018017,Y
1,0.11971830985915492,T
1,0.06097560975609756,L
0,0.038461538461538464,S
0,0.0,S
0,0.0,S
0,0.0,V
1,0.2323943661971831,T
0,0.04225352112676056,V
1,0.3602941176470588,P
1,0.4461538461538462,S
1,0.6846153846153846,S
1,0.34507042253521125,T
1,0.2026431718061674,W
1,0.7352941176470589,P
1,0.6538461538461539,S
1,0.6907216494845361,E
1,0.45774647887323944,T
0,0.04929577464788732,V
1,0.16901408450704225,T
0,0.0,C
1,0.06369426751592357,N
0,0.007042253521126761,V
1,0.2358490566037736,A
0,0.0,H
1,0.3602941176470588,P
1,0.2358490566037736,A
1,0.24615384615384617,S
1,0.7846153846153846,S
1,0.24647887323943662,T
1,0.7902439024390244,K
1,0.2746478873239437,V
1,0.6134969325153374,D
1,0.1902439024390244,K
1,0.6926829268292682,K
1,0.26627218934911245,I
1,1.0,T
1,0.9044585987261147,N
1,0.14084507042253522,T
1,0.528169014084507,V
1,0.2358490566037736,A
0,0.05660377358490566,A
1,0.4864864864864865,Y
1,0.5477707006369427,N
1,0.0975609756097561,L
1,0.323943661971831,T
1,0.12334801762114538,W
1,0.5024390243902439,K
1,0.08461538461538462,S
1,0.5070422535211268,T
1,0.10828025477707007,N
0,0.0,F
1,0.551219512195122,K
0,0.0,T
1,0.1893491124260355,I
0,0.0,L
1,0.4175257731958763,E
0,0.022026431718061675,W
1,0.4175257731958763,E
1,0.14705882352941177,P
1,0.7365853658536585,K
1,0.07352941176470588,P
1,0.7746478873239436,V
1,0.821656050955414,N
0,0.025252525252525252,Q
1,0.20422535211267606,V
0,0.0,Y
0,0.02112676056338028,T
0,0.0,V
1,0.20707070707070707,Q
0,0.011834319526627219,I
1,0.06153846153846154,S
1,0.4225352112676056,T
1,0.4585365853658537,K
1,0.6692307692307692,S
1,0.3333333333333333,G
1,1.0,D
1,0.32599118942731276,W
1,0.47804878048780486,K
1,0.3153846153846154,S
1,0.2682926829268293,K
1,0.1925925925925926,C
1,0.6395939086294417,F
1,0.5540540540540541,Y
1,0.16901408450704225,T
1,0.5704225352112676,T
1,0.6441717791411042,D
1,0.31690140845070425,T
1,0.5,E
0,0.007407407407407408,C
1,0.34355828220858897,D
0,0.0,L
1,0.07042253521126761,T
1,0.49693251533742333,D
1,0.0979381443298969,E
0,0.0,I
1,0.176056338028169,V
1,0.6829268292682927,K
1,0.4723926380368098,D
1,0.1267605633802817,V
1,0.7073170731707317,K
1,0.3181818181818182,Q
1,0.19014084507042253,T
0,0.04054054054054054,Y
1,0.15853658536585366,L
0,0.0,A
1,0.13709677419354838,R
0,0.0,V
1,0.09644670050761421,F
0,0.007692307692307693,S
1,0.23873873873873874,Y
1,0.5441176470588235,P
1,0.32075471698113206,A
1,0.8809523809523809,G
1,1.0,N
1,1.0,E
1,0.375,P
1,0.5060975609756098,L
1,0.45495495495495497,Y
1,0.4793814432989691,E
1,0.3885350318471338,N
1,0.06923076923076923,S
1,0.5294117647058824,P
1,0.4948453608247423,E
0,0.04060913705583756,F
1,0.15492957746478872,T
0,0.0,P
1,0.0990990990990991,Y
1,0.3780487804878049,L
1,0.35051546391752575,E
0,0.0,T
1,0.4394904458598726,N
0,0.04878048780487805,L
1,0.19047619047619047,G
1,0.4090909090909091,Q
0,0.04411764705882353,P
1,0.3380281690140845,T
0,0.05325443786982249,I
1,0.5757575757575758,Q
1,0.49230769230769234,S
1,0.29949238578680204,F
1,0.5824742268041238,E
1,0.5353535353535354,Q
1,0.528169014084507,V
1,0.7261904761904762,G
1,0.8732394366197183,T
1,0.2682926829268293,K
0,0.0,V
1,0.17834394904458598,N
0,0.014084507042253521,V
1,0.1619718309859155,T
0,0.014084507042253521,V
1,0.3711340206185567,E
1,0.38650306748466257,D
1,0.20618556701030927,E
1,0.7056451612903226,R
0,0.02112676056338028,T
1,0.2865853658536585,L
1,0.07042253521126761,V
1,0.4959677419354839,R
1,0.5241935483870968,R
1,0.7834394904458599,N
1,0.8853503184713376,N
1,0.5563380281690141,T
1,0.48223350253807107,F
1,0.07926829268292683,L
1,0.08461538461538462,S
0,0.04878048780487805,L
1,0.125,R
1,0.49693251533742333,D
1,0.1619718309859155,V
0,0.03553299492385787,F
1,0.35714285714285715,G
1,0.5463414634146342,K
1,0.17177914110429449,D
0,0.0,L
0,0.0,I
0,0.02252252252252252,Y
0,0.028169014084507043,T
0,0.0,L
0,0.009009009009009009,Y
0,0.04504504504504504,Y
1,0.20704845814977973,W
1,0.37073170731707317,K
1,0.43846153846153846,S
1,0.6692307692307692,S
1,0.5230769230769231,S
1,0.8384615384615385,S
1,0.4166666666666667,G
1,0.16585365853658537,K
1,0.3951219512195122,K
0,0.035211267605633804,T
0,0.03773584905660377,A
0,0.024390243902439025,K
0,0.04929577464788732,T
1,0.10828025477707007,N
1,0.5563380281690141,T
1,0.18471337579617833,N
1,0.5,E
0,0.04568527918781726,F
1,0.4817073170731707,L
0,0.047337278106508875,I
1,0.38650306748466257,D
1,0.1619718309859155,V
1,0.4662576687116564,D
1,1.0,K
1,0.8571428571428571,G
1,0.3402061855670103,E
1,0.27388535031847133,N
0,0.05405405405405406,Y
1,0.0962962962962963,C
0,0.0,F
1,0.06923076923076923,S
0,0.014084507042253521,V
0,0.0,Q
0,0.018867924528301886,A
0,0.0,V
0,0.0,I
1,0.09558823529411764,P
1,0.5,S
0,0.016129032258064516,R
1,0.6901408450704225,T
1,0.5211267605633803,V
1,0.3503184713375796,N
0,0.004032258064516129,R
1,0.07317073170731707,K
0,0.046153846153846156,S
1,0.5563380281690141,T
1,0.1411042944785276,D
0,0.015384615384615385,S
1,0.5220588235294118,P
1,0.5774647887323944,V
1,0.35051546391752575,E
1,0.4740740740740741,C
1,0.2712765957446808,M
1,0.9523809523809523,G
1,0.7055214723926381,D
0,0.005917159763313609,I
1,0.7121951219512195,K
0,0.05851063829787234,M
1,0.5352112676056338,T
1,0.1111111111111111,Q
1,0.27692307692307694,S
1,0.36764705882352944,P
1,0.7923076923076923,S
1,0.45384615384615384,S
1,0.1702127659574468,M
1,0.6126126126126126,Y
0,0.05660377358490566,A
1,0.24615384615384617,S
1,0.4878048780487805,L
1,0.5476190476190477,G
1,0.5,E
1,0.6693548387096774,R
1,0.07042253521126761,V
1,0.4225352112676056,T
0,0.011834319526627219,I
1,0.2605633802816901,T
0,0.0,C
1,0.424390243902439,K
0,0.02830188679245283,A
1,0.47692307692307695,S
1,0.31313131313131315,Q
1,0.5705521472392638,D
0,0.0,I
1,0.31048387096774194,R
1,0.2634146341463415,K
0,0.013513513513513514,Y
0,0.0,L
0,0.0,N
0,0.004405286343612335,W
0,0.0,Y
1,0.09090909090909091,Q
1,0.08585858585858586,Q
1,0.14146341463414633,K
1,0.40441176470588236,P
1,0.8546255506607929,W
1,0.4878048780487805,K
1,0.2692307692307692,S
0,0.029411764705882353,P
1,0.375609756097561,K
0,0.04929577464788732,T
0,0.012195121951219513,L
0,0.0,I
1,0.25675675675675674,Y
1,0.13063063063063063,Y
0,0.009433962264150943,A
1,0.5563380281690141,T
1,0.25384615384615383,S
1,0.4024390243902439,L
1,0.1509433962264151,A
1,0.588957055214724,D
1,0.8214285714285714,G
1,0.09154929577464789,V
1,0.36764705882352944,P
1,0.8692307692307693,S
1,0.125,R
0,0.025380710659898477,F
1,0.33076923076923076,S
1,0.07142857142857142,G
1,0.5692307692307692,S
1,0.23809523809523808,G
1,0.6923076923076923,S
1,0.15476190476190477,G
1,0.4292929292929293,Q
1,0.6380368098159509,D
0,0.018018018018018018,Y
1,0.18461538461538463,S
0,0.012195121951219513,L
1,0.14084507042253522,T
0,0.011834319526627219,I
1,0.3769230769230769,S
1,0.46923076923076923,S
0,0.012195121951219513,L
1,0.4639175257731959,E
1,0.23076923076923078,S
1,0.49079754601226994,D
0,0.006134969325153374,D
1,0.07746478873239436,T
0,0.03773584905660377,A
1,0.16901408450704225,T
0,0.0,Y
0,0.04504504504504504,Y
0,0.0,C
0,0.0,L
0,0.0,Q
0,0.0,H
0,0.0,G
1,0.13402061855670103,E
0,0.023076923076923078,S
0,0.03676470588235294,P
0,0.013513513513513514,Y
1,0.22535211267605634,T
1,0.07614213197969544,F
0,0.05952380952380952,G
1,0.7976190476190477,G
1,0.15476190476190477,G
0,0.0,T
1,0.48292682926829267,K
0,0.006097560975609756,L
1,0.17010309278350516,E
0,0.0,I
1,0.5031847133757962,N
1,0.22983870967741934,R
1,0.6886792452830188,A
1,0.6441717791411042,D
1,0.1792452830188679,A
1,0.5377358490566038,A
0,0.051470588235294115,P
1,0.3028169014084507,T
0,0.02112676056338028,V
0,0.023076923076923078,S
1,0.14792899408284024,I
0,0.02030456852791878,F
1,0.2426470588235294,P
1,0.07352941176470588,P
1,0.11538461538461539,S
1,0.7538461538461538,S
1,0.4536082474226804,E
0,0.025252525252525252,Q
1,0.10975609756097561,L
1,0.9084507042253521,T
1,0.7,S
1,0.38095238095238093,G
1,0.2261904761904762,G
0,0.009433962264150943,A
0,0.0,S
0,0.035211267605633804,V
0,0.0,V
0,0.0,C
0,0.0,F
0,0.006097560975609756,L
0,0.044585987261146494,N
1,0.35668789808917195,N
0,0.0,F
0,0.036036036036036036,Y
1,0.35294117647058826,P
1,0.43414634146341463,K
1,0.8343558282208589,D
1,0.13609467455621302,I
1,0.3821656050955414,N
1,0.14084507042253522,V
1,0.3170731707317073,K
0,0.00881057268722467,W
1,0.2682926829268293,K
0,0.029585798816568046,I
1,0.37423312883435583,D
1,0.5357142857142857,G
1,0.7,S
1,0.7371134020618557,E
1,0.3870967741935484,R
1,0.21212121212121213,Q
1,0.8152866242038217,N
1,0.5476190476190477,G
1,0.28169014084507044,V
1,0.21341463414634146,L
1,0.40764331210191085,N
1,0.12307692307692308,S
1,0.33480176211453744,W
1,0.09859154929577464,T
1,0.3987730061349693,D
0,0.050505050505050504,Q
1,0.3312883435582822,D
1,0.33076923076923076,S
1,0.8926829268292683,K
1,0.25766871165644173,D
0,0.015384615384615385,S
0,0.02112676056338028,T
0,0.03153153153153153,Y
0,0.0,S
0,0.005319148936170213,M
0,0.046153846153846156,S
0,0.0,S
0,0.056338028169014086,T
0,0.006097560975609756,L
1,0.31690140845070425,T
1,0.08536585365853659,L
1,0.5140845070422535,T
1,0.3121951219512195,K
1,0.6319018404907976,D
1,0.31443298969072164,E
0,0.013513513513513514,Y
1,0.44329896907216493,E
1,0.6088709677419355,R
1,0.18478260869565216,H
1,0.2484076433121019,N
1,0.27692307692307694,S
0,0.0,Y
1,0.11267605633802817,T
0,0.014814814814814815,C
1,0.15979381443298968,E
0,0.018867924528301886,A
1,0.38028169014084506,T
1,0.09782608695652174,H
1,0.9414634146341463,K
1,0.352112676056338,T
1,0.34615384615384615,S
1,0.9647887323943662,T
1,0.5230769230769231,S
1,0.5073529411764706,P
1,0.24260355029585798,I
1,0.49295774647887325,V
1,0.2146341463414634,K
1,0.4846153846153846,S
1,0.14720812182741116,F
1,0.5095541401273885,N
1,0.1975806451612903,R
1,0.5796178343949044,N
1,0.7474226804123711,E
1,1.0,C
1,0.9226804123711341,E
1,0.10650887573964497,I
1,0.5,Q
0,0.054878048780487805,L
1,0.35858585858585856,Q
1,0.08585858585858586,Q
1,0.36923076923076925,S
1,0.19047619047619047,G
0,0.05660377358490566,A
1,0.27835051546391754,E
1,0.18902439024390244,L
1,0.14084507042253522,V
1,0.3588709677419355,R
1,0.5441176470588235,P
1,0.6547619047619048,G
1,0.4056603773584906,A
1,0.5914634146341463,L
1,0.11267605633802817,V
1,0.5219512195121951,K
0,0.0,L
1,0.3384615384615385,S
0,0.0,C
1,0.5121951219512195,K
0,0.03773584905660377,A
1,0.2230769230769231,S
1,0.42857142857142855,G
1,0.1116751269035533,F
1,0.37579617834394907,N
0,0.0,I
1,0.2682926829268293,K
1,0.11042944785276074,D
0,0.018018018018018018,Y
0,0.018018018018018018,Y
0,0.010638297872340425,M
0,0.0,H
0,0.004405286343612335,W
0,0.0,V
0,0.024390243902439025,K
1,0.11616161616161616,Q
1,0.18951612903225806,R
1,0.7205882352941176,P
1,0.8917525773195877,E
1,0.494949494949495,Q
1,0.25,G
1,0.07317073170731707,L
1,0.20103092783505155,E
0,0.022026431718061675,W
0,0.0,I
0,0.0,G
0,0.012195121951219513,L
0,0.04142011834319527,I
0,0.0,D
1,0.09558823529411764,P
1,0.28350515463917525,E
1,0.4394904458598726,N
1,0.7261904761904762,G
1,0.1910828025477707,N
1,0.29577464788732394,T
0,0.011834319526627219,I
1,0.17567567567567569,Y
1,0.20245398773006135,D
1,0.5882352941176471,P
1,0.6292682926829268,K
0,0.03553299492385787,F
1,0.5757575757575758,Q
1,0.8690476190476191,G
1,0.2048780487804878,K
1,0.09433962264150944,A
1,0.23846153846153847,S
0,0.01775147928994083,I
1,0.4225352112676056,T
1,0.33962264150943394,A
1,0.3558282208588957,D
1,0.45774647887323944,T
1,0.8307692307692308,S
1,0.35384615384615387,S
1,0.12738853503184713,N
0,0.056338028169014086,T
0,0.0,A
1,0.21171171171171171,Y
0,0.0,L
1,0.2828282828282828,Q
0,0.0,L
1,0.16923076923076924,S
1,0.6692307692307692,S
0,0.024390243902439025,L
1,0.44366197183098594,T
1,0.7230769230769231,S
1,0.5154639175257731,E
0,0.024539877300613498,D
1,0.28169014084507044,T
0,0.03773584905660377,A
1,0.19014084507042253,V
0,0.0,Y
1,0.06756756756756757,Y
0,0.007407407407407408,C
0,0.0,A
0,0.036290322580645164,R
0,0.0,D
1,0.08917197452229299,N
0,0.0,S
1,0.09009009009009009,Y
1,0.13963963963963963,Y
0,0.0,F
1,0.1165644171779141,D
1,0.35135135135135137,Y
1,0.13215859030837004,W
0,0.0,G
1,0.4696969696969697,Q
1,0.23809523809523808,G
0,0.0,T
1,0.2112676056338028,T
0,0.0,L
1,0.07042253521126761,T
1,0.09154929577464789,V
1,0.24615384615384617,S
1,0.7076923076923077,S
1,0.22641509433962265,A
1,0.775609756097561,K
1,0.3732394366197183,T
1,0.33098591549295775,T
1,0.49264705882352944,P
1,0.11764705882352941,P
1,0.38461538461538464,S
1,0.07042253521126761,V
1,0.10810810810810811,Y
1,0.17647058823529413,P
0,0.024390243902439025,L
1,0.36792452830188677,A
1,0.18382352941176472,P
1,0.8928571428571429,G
1,0.7384615384615385,S
1,0.8207547169811321,A
1,0.2358490566037736,A
1,0.702020202020202,Q
1,0.2535211267605634,T
1,0.4140127388535032,N
1,0.8153846153846154,S
1,0.35638297872340424,M
1,0.07042253521126761,V
0,0.028169014084507043,T
0,0.0,L
0,0.0,G
0,0.007407407407407408,C
0,0.0,L
0,0.0,V
1,0.16097560975609757,K
1,0.23809523809523808,G
0,0.0,Y
0,0.04060913705583756,F
0,0.0,P
1,0.14948453608247422,E
1,0.19117647058823528,P
0,0.035211267605633804,V
1,0.6549295774647887,T
1,0.14084507042253522,V
1,0.36619718309859156,T
0,0.013215859030837005,W
1,0.28662420382165604,N
1,0.7384615384615385,S
1,0.42857142857142855,G
1,0.7230769230769231,S
1,0.21951219512195122,L
1,0.6461538461538462,S
1,0.8769230769230769,S
1,0.2976190476190476,G
1,0.2887323943661972,V
1,0.14130434782608695,H
1,0.4084507042253521,T
0,0.005076142131979695,F
1,0.3014705882352941,P
1,0.18867924528301888,A
1,0.21830985915492956,V
1,0.5487804878048781,L
1,0.35858585858585856,Q
1,0.7923076923076923,S
1,0.3312883435582822,D
1,0.2804878048780488,L
1,0.19369369369369369,Y
1,0.1056338028169014,T
1,0.06097560975609756,L
0,0.03076923076923077,S
0,0.0,S
0,0.0,S
0,0.0,V
1,0.20422535211267606,T
0,0.056338028169014086,V
1,0.39705882352941174,P
1,0.49230769230769234,S
1,0.7230769230769231,S
1,0.34507042253521125,T
1,0.15859030837004406,W
1,0.7573529411764706,P
1,0.6230769230769231,S
1,0.7371134020618557,E
1,0.4647887323943662,T
0,0.035211267605633804,V
1,0.1619718309859155,T
0,0.0,C
1,0.07006369426751592,N
0,0.007042253521126761,V
1,0.25471698113207547,A
0,0.0,H
1,0.375,P
1,0.25471698113207547,A
1,0.23076923076923078,S
1,0.7769230769230769,S
1,0.30985915492957744,T
1,0.7902439024390244,K
1,0.2605633802816901,V
1,0.588957055214724,D
1,0.2097560975609756,K
1,0.6585365853658537,K
1,0.2781065088757396,I
1,1.0,T
1,0.8726114649681529,N
1,0.13380281690140844,T
1,0.5774647887323944,V
1,0.24528301886792453,A
0,0.04716981132075472,A
1,0.4774774774774775,Y
1,0.535031847133758,N
1,0.10975609756097561,L
1,0.33098591549295775,T
1,0.11894273127753303,W
1,0.5219512195121951,K
1,0.08461538461538462,S
1,0.47183098591549294,T
1,0.12738853503184713,N
0,0.005076142131979695,F
1,0.35609756097560974,K
0,0.0,T
1,0.1952662721893491,I
0,0.0,L
1,0.3917525773195876,E
0,0.039647577092511016,W
1,0.41237113402061853,E
1,0.16911764705882354,P
1,0.7268292682926829,K
1,0.0661764705882353,P
1,0.7535211267605634,V
1,0.821656050955414,N
0,0.025252525252525252,Q
1,0.19014084507042253,V
0,0.0,Y
0,0.035211267605633804,T
0,0.0,V
1,0.24242424242424243,Q
0,0.005917159763313609,I
1,0.06153846153846154,S
1,0.4507042253521127,T
1,0.43414634146341463,K
1,0.7,S
1,0.30952380952380953,G
1,1.0,D
1,0.29515418502202645,W
1,0.47804878048780486,K
1,0.2923076923076923,S
1,0.23902439024390243,K
1,0.2222222222222222,C
1,0.6142131979695431,F
1,0.5945945945945946,Y
1,0.16901408450704225,T
1,0.5492957746478874,T
1,0.6012269938650306,D
1,0.34507042253521125,T
1,0.5154639175257731,E
0,0.007407407407407408,C
1,0.25153374233128833,D
0,0.0,L
0,0.007042253521126761,T
1,0.4171779141104294,D
1,0.08762886597938144,E
0,0.0,I
1,0.08450704225352113,V
1,0.6731707317073171,K
1,0.5153374233128835,D
1,0.09859154929577464,V
1,0.6634146341463415,K
1,0.26262626262626265,Q
1,0.1619718309859155,T
0,0.036036036036036036,Y
1,0.17073170731707318,L
0,0.0,A
1,0.13306451612903225,R
0,0.0,V
1,0.1218274111675127,F
0,0.015384615384615385,S
1,0.22522522522522523,Y
1,0.5514705882352942,P
1,0.2641509433962264,A
1,0.8928571428571429,G
1,1.0,N
1,1.0,E
1,0.34558823529411764,P
1,0.5426829268292683,L
1,0.40540540540540543,Y
1,0.4381443298969072,E
1,0.4140127388535032,N
0,0.05384615384615385,S
1,0.5661764705882353,P
1,0.5051546391752577,E
0,0.03553299492385787,F
1,0.19014084507042253,T
0,0.0,P
1,0.07657657657657657,Y
1,0.36585365853658536,L
1,0.37628865979381443,E
0,0.0,T
1,0.4394904458598726,N
1,0.07317073170731707,L
1,0.25,G
1,0.4494949494949495,Q
1,0.09558823529411764,P
1,0.4084507042253521,T
1,0.08284023668639054,I
1,0.5555555555555556,Q
1,0.43846153846153846,S
1,0.3096446700507614,F
1,0.5979381443298969,E
1,0.5353535353535354,Q
1,0.6056338028169014,V
1,0.6190476190476191,G
1,0.795774647887324,T
1,0.28292682926829266,K
0,0.007042253521126761,V
1,0.19745222929936307,N
0,0.007042253521126761,V
1,0.176056338028169,T
0,0.028169014084507043,V
1,0.36082474226804123,E
1,0.38650306748466257,D
1,0.31443298969072164,E
1,0.3024193548387097,R
0,0.014084507042253521,T
1,0.09146341463414634,L
1,0.09154929577464789,V
1,0.3387096774193548,R
1,0.5362903225806451,R
1,0.8089171974522293,N
1,0.37579617834394907,N
1,0.39436619718309857,T
1,0.14720812182741116,F
1,0.07317073170731707,L
1,0.08461538461538462,S
1,0.09146341463414634,L
1,0.13709677419354838,R
1,0.4171779141104294,D
1,0.19014084507042253,V
0,0.050761421319796954,F
1,0.3333333333333333,G
1,0.5609756097560976,K
1,0.15950920245398773,D
0,0.006097560975609756,L
0,0.0,I
0,0.036036036036036036,Y
0,0.014084507042253521,T
0,0.0,L
0,0.009009009009009009,Y
0,0.04504504504504504,Y
1,0.19383259911894274,W
1,0.3073170731707317,K
1,0.4846153846153846,S
1,0.5923076923076923,S
1,0.5692307692307692,S
1,0.8538461538461538,S
1,0.5476190476190477,G
1,0.2,K
1,0.36585365853658536,K
0,0.02112676056338028,T
0,0.03773584905660377,A
0,0.014634146341463415,K
0,0.04225352112676056,T
1,0.14012738853503184,N
1,0.5352112676056338,T
1,0.16560509554140126,N
1,0.4793814432989691,E
0,0.04568527918781726,F
1,0.4634146341463415,L
0,0.03550295857988166,I
1,0.3619631901840491,D
1,0.14788732394366197,V
1,0.5460122699386503,D
1,1.0,K
1,0.8690476190476191,G
1,0.37628865979381443,E
1,0.25477707006369427,N
0,0.05405405405405406,Y
1,0.08888888888888889,C
0,0.0,F
1,0.07692307692307693,S
0,0.0,V
0,0.0,Q
0,0.05660377358490566,A
0,0.0,V
0,0.0,I
1,0.10294117647058823,P
1,0.5615384615384615,S
0,0.008064516129032258,R
1,0.5985915492957746,T
1,0.6056338028169014,V
1,0.40764331210191085,N
0,0.0,R
0,0.05853658536585366,K
0,0.05384615384615385,S
1,0.5633802816901409,T
1,0.12883435582822086,D
0,0.015384615384615385,S
1,0.5367647058823529,P
1,0.5563380281690141,V
1,0.4587628865979381,E
1,0.42962962962962964,C
1,0.30851063829787234,M
1,1.0,G
